"","Year","State","obs_yield","yield","frcst_aug_yield","frcst_sep_yield"
"1",2019,"ALABAMA",2.4228,NA,NA,NA
"2",2019,"DELAWARE",3.1631,NA,NA,NA
"3",2019,"ILLINOIS",3.6342,3.6342,3.7015,3.5669
"4",2019,"INDIANA",3.4323,3.4323,3.365,3.2977
"5",2019,"IOWA",3.7015,3.7015,3.7015,3.6342
"6",2019,"KENTUCKY",3.0958,3.0958,3.5669,3.5669
"7",2019,"MARYLAND",2.9612,NA,NA,NA
"8",2019,"MINNESOTA",2.9612,2.9612,3.0958,3.0285
"9",2019,"MISSOURI",3.0958,3.0958,3.0285,3.0958
"10",2019,"NEW JERSEY",2.4901,NA,NA,NA
"11",2019,"NEW YORK",3.2304,NA,NA,NA
"12",2019,"NORTH CAROLINA",2.3555,2.3555,2.5574,2.5574
"13",2019,"NORTH DAKOTA",2.11995,NA,NA,NA
"14",2019,"OHIO",3.2977,3.2977,3.2304,3.2304
"15",2019,"PENNSYLVANIA",3.2977,NA,NA,NA
"16",2019,"SOUTH CAROLINA",1.7498,NA,NA,NA
"17",2019,"TENNESSEE",3.1631,3.1631,3.365,3.365
"18",2019,"VIRGINIA",2.2882,NA,NA,NA
"19",2019,"WISCONSIN",3.1631,3.1631,3.1631,3.1631
"20",2018,"ALABAMA",2.692,NA,NA,NA
"21",2018,"DELAWARE",2.79295,NA,NA,NA
"22",2018,"ILLINOIS",4.27355,4.27355,4.3072,4.4418
"23",2018,"INDIANA",3.86975,3.86975,3.9034,4.038
"24",2018,"IOWA",3.7688,3.7688,3.9707,4.038
"25",2018,"KENTUCKY",3.4323,3.4323,3.5669,3.8361
"26",2018,"MARYLAND",3.19675,NA,NA,NA
"27",2018,"MINNESOTA",3.2977,3.2977,3.2977,3.365
"28",2018,"MISSOURI",2.99485,2.99485,3.0285,3.1631
"29",2018,"NEW JERSEY",2.65835,NA,NA,NA
"30",2018,"NEW YORK",3.4996,NA,NA,NA
"31",2018,"NORTH CAROLINA",2.2209,2.2209,2.5574,2.5574
"32",2018,"NORTH DAKOTA",2.3555,NA,NA,NA
"33",2018,"OHIO",3.7688,3.7688,3.7688,3.9034
"34",2018,"PENNSYLVANIA",2.99485,NA,NA,NA
"35",2018,"SOUTH CAROLINA",1.9517,NA,NA,NA
"36",2018,"TENNESSEE",3.06215,3.06215,3.2977,3.4323
"37",2018,"VIRGINIA",2.8266,NA,NA,NA
"38",2018,"WISCONSIN",3.2304,3.2304,3.365,3.365
"39",2017,"ALABAMA",3.0958,NA,NA,NA
"40",2017,"DELAWARE",3.4323,NA,NA,NA
"41",2017,"ILLINOIS",3.9034,3.9034,3.9034,3.9034
"42",2017,"INDIANA",3.6342,3.66785,3.7015,3.7688
"43",2017,"IOWA",3.8361,3.80245,3.7688,3.8361
"44",2017,"KENTUCKY",3.5669,3.53325,3.4996,3.4996
"45",2017,"MARYLAND",3.4323,NA,NA,NA
"46",2017,"MINNESOTA",3.19675,3.146275,3.2977,3.1631
"47",2017,"MISSOURI",3.33135,3.314525,3.2977,3.2977
"48",2017,"NEW JERSEY",3.0285,NA,NA,NA
"49",2017,"NEW YORK",3.0285,NA,NA,NA
"50",2017,"NORTH CAROLINA",2.692,2.72565,2.5574,2.5574
"51",2017,"NORTH DAKOTA",2.32185,NA,NA,NA
"52",2017,"OHIO",3.33135,3.381825,3.5669,3.6342
"53",2017,"PENNSYLVANIA",3.2304,NA,NA,NA
"54",2017,"SOUTH CAROLINA",2.5574,NA,NA,NA
"55",2017,"TENNESSEE",3.365,3.39865,3.0285,3.2304
"56",2017,"VIRGINIA",2.9612,NA,NA,NA
"57",2017,"WISCONSIN",3.19675,3.146275,3.2304,3.2304
"58",2016,"ALABAMA",2.1536,NA,NA,NA
"59",2016,"DELAWARE",2.79295,NA,NA,NA
"60",2016,"ILLINOIS",3.9707,3.9707,3.8361,4.1053
"61",2016,"INDIANA",3.86975,3.86975,3.7015,3.9034
"62",2016,"IOWA",4.038,4.038,3.8361,3.9034
"63",2016,"KENTUCKY",3.365,3.365,3.2304,3.4323
"64",2016,"MARYLAND",2.79295,NA,NA,NA
"65",2016,"MINNESOTA",3.4996,3.4996,3.1631,3.2977
"66",2016,"MISSOURI",3.2977,3.2977,3.2304,3.2977
"67",2016,"NEW JERSEY",2.4228,NA,NA,NA
"68",2016,"NEW YORK",2.7593,NA,NA,NA
"69",2016,"NORTH CAROLINA",2.3555,2.3555,2.4228,2.3555
"70",2016,"NORTH DAKOTA",2.79295,NA,NA,NA
"71",2016,"OHIO",3.66785,3.66785,3.4996,3.5669
"72",2016,"PENNSYLVANIA",2.9612,NA,NA,NA
"73",2016,"SOUTH CAROLINA",2.0863,NA,NA,NA
"74",2016,"TENNESSEE",3.0285,3.0285,3.0958,3.2977
"75",2016,"VIRGINIA",2.4228,NA,NA,NA
"76",2016,"WISCONSIN",3.7015,3.7015,3.4996,3.4996
"77",2015,"ALABAMA",2.7593,NA,NA,NA
"78",2015,"DELAWARE",2.692,NA,NA,NA
"79",2015,"ILLINOIS",3.7688,3.7688,3.5669,3.6342
"80",2015,"INDIANA",3.365,3.365,3.2977,3.365
"81",2015,"IOWA",3.80245,3.80245,3.4996,3.5669
"82",2015,"KENTUCKY",3.2977,3.2977,3.365,3.365
"83",2015,"MARYLAND",2.692,NA,NA,NA
"84",2015,"MINNESOTA",3.365,3.365,3.2304,3.1631
"85",2015,"MISSOURI",2.72565,2.72565,2.5574,2.692
"86",2015,"NEW JERSEY",2.1536,NA,NA,NA
"87",2015,"NEW YORK",2.8939,NA,NA,NA
"88",2015,"NORTH CAROLINA",2.1536,2.1536,2.4228,2.2209
"89",2015,"NORTH DAKOTA",2.18725,NA,NA,NA
"90",2015,"OHIO",3.365,3.365,3.2304,3.2304
"91",2015,"PENNSYLVANIA",2.9612,NA,NA,NA
"92",2015,"SOUTH CAROLINA",1.78345,NA,NA,NA
"93",2015,"TENNESSEE",3.0958,3.0958,3.0285,3.0285
"94",2015,"VIRGINIA",2.32185,NA,NA,NA
"95",2015,"WISCONSIN",3.33135,3.33135,3.2304,3.2304
"96",2014,"ALABAMA",2.692,NA,NA,NA
"97",2014,"DELAWARE",3.19675,NA,NA,NA
"98",2014,"ILLINOIS",3.7688,3.7688,3.6342,3.7688
"99",2014,"INDIANA",3.73515,3.73515,3.4323,3.4996
"100",2014,"IOWA",3.4323,3.4323,3.365,3.4323
"101",2014,"KENTUCKY",3.19675,3.19675,2.692,3.0958
"102",2014,"MARYLAND",3.0958,NA,NA,NA
"103",2014,"MINNESOTA",2.79295,2.79295,2.8266,2.8266
"104",2014,"MISSOURI",3.12945,3.12945,2.9612,3.0958
"105",2014,"NEW JERSEY",2.9612,NA,NA,NA
"106",2014,"NEW YORK",2.99485,NA,NA,NA
"107",2014,"NORTH CAROLINA",2.692,2.692,2.4901,2.4901
"108",2014,"NORTH DAKOTA",2.32185,NA,NA,NA
"109",2014,"OHIO",3.53325,3.53325,3.2977,3.365
"110",2014,"PENNSYLVANIA",3.2977,NA,NA,NA
"111",2014,"SOUTH CAROLINA",2.3555,NA,NA,NA
"112",2014,"TENNESSEE",3.0958,3.0958,2.9612,3.1631
"113",2014,"VIRGINIA",2.65835,NA,NA,NA
"114",2014,"WISCONSIN",2.9612,2.9612,2.8939,3.0958
"115",2013,"ALABAMA",2.92755,NA,NA,NA
"116",2013,"DELAWARE",2.72565,NA,NA,NA
"117",2013,"ILLINOIS",3.365,3.365,3.1631,3.0958
"118",2013,"INDIANA",3.46595,3.46595,3.365,3.2304
"119",2013,"IOWA",3.06215,3.06215,3.0958,2.8939
"120",2013,"KENTUCKY",3.365,3.365,2.9612,3.0285
"121",2013,"MARYLAND",2.65835,NA,NA,NA
"122",2013,"MINNESOTA",2.8266,2.8266,2.7593,2.6247
"123",2013,"MISSOURI",2.4228,2.4228,2.6247,2.3555
"124",2013,"NEW JERSEY",2.65835,NA,NA,NA
"125",2013,"NEW YORK",3.2304,NA,NA,NA
"126",2013,"NORTH CAROLINA",2.25455,2.25455,2.019,2.019
"127",2013,"NORTH DAKOTA",2.05265,NA,NA,NA
"128",2013,"OHIO",3.33135,3.33135,3.365,3.2977
"129",2013,"PENNSYLVANIA",3.2977,NA,NA,NA
"130",2013,"SOUTH CAROLINA",1.91805,NA,NA,NA
"131",2013,"TENNESSEE",3.12945,3.12945,2.8266,2.8939
"132",2013,"VIRGINIA",2.59105,NA,NA,NA
"133",2013,"WISCONSIN",2.6247,2.6247,2.8266,2.692
"134",2012,"ALABAMA",3.0285,NA,NA,NA
"135",2012,"DELAWARE",2.86025,NA,NA,NA
"136",2012,"ILLINOIS",2.8939,2.8939,2.4901,2.4901
"137",2012,"INDIANA",2.9612,2.9612,2.4901,2.4901
"138",2012,"IOWA",3.0285,3.0285,2.8939,2.6247
"139",2012,"KENTUCKY",2.692,2.692,1.9517,2.2882
"140",2012,"MARYLAND",3.1631,NA,NA,NA
"141",2012,"MINNESOTA",2.92755,2.92755,2.5574,2.5574
"142",2012,"MISSOURI",2.019,2.019,2.019,1.8844
"143",2012,"NEW JERSEY",2.6247,NA,NA,NA
"144",2012,"NEW YORK",3.0958,NA,NA,NA
"145",2012,"NORTH CAROLINA",2.65835,2.65835,2.1536,2.2882
"146",2012,"NORTH DAKOTA",2.32185,NA,NA,NA
"147",2012,"OHIO",3.0285,3.0285,2.8266,2.692
"148",2012,"PENNSYLVANIA",3.2304,NA,NA,NA
"149",2012,"SOUTH CAROLINA",2.2882,NA,NA,NA
"150",2012,"TENNESSEE",2.5574,2.5574,1.7498,2.0863
"151",2012,"VIRGINIA",2.8266,NA,NA,NA
"152",2012,"WISCONSIN",2.8266,2.8266,2.4228,2.4228
"153",2011,"ALABAMA",2.2209,NA,NA,NA
"154",2011,"DELAWARE",2.65835,NA,NA,NA
"155",2011,"ILLINOIS",3.19675,3.19675,3.2304,3.2304
"156",2011,"INDIANA",3.06215,3.06215,2.8939,2.8266
"157",2011,"IOWA",3.46595,3.46595,3.4996,3.4323
"158",2011,"KENTUCKY",2.6247,2.6247,2.692,2.4901
"159",2011,"MARYLAND",2.6247,NA,NA,NA
"160",2011,"MINNESOTA",2.6247,2.6247,2.692,2.7593
"161",2011,"MISSOURI",2.45645,2.45645,2.6247,2.6247
"162",2011,"NEW JERSEY",2.5574,NA,NA,NA
"163",2011,"NEW YORK",2.8939,NA,NA,NA
"164",2011,"NORTH CAROLINA",2.05265,2.05265,1.8171,1.9517
"165",2011,"NORTH DAKOTA",1.9517,NA,NA,NA
"166",2011,"OHIO",3.2304,3.2304,2.9612,3.0958
"167",2011,"PENNSYLVANIA",2.9612,NA,NA,NA
"168",2011,"SOUTH CAROLINA",1.71615,NA,NA,NA
"169",2011,"TENNESSEE",2.1536,2.1536,2.4228,2.2882
"170",2011,"VIRGINIA",2.692,NA,NA,NA
"171",2011,"WISCONSIN",3.1631,3.1631,3.0285,3.0285
"172",2010,"ALABAMA",1.7498,NA,NA,NA
"173",2010,"DELAWARE",2.1536,NA,NA,NA
"174",2010,"ILLINOIS",3.46595,3.46595,3.2977,3.4323
"175",2010,"INDIANA",3.26405,3.26405,3.2977,3.365
"176",2010,"IOWA",3.4323,3.4323,3.4323,3.4996
"177",2010,"KENTUCKY",2.2882,2.2882,2.6247,2.3555
"178",2010,"MARYLAND",2.2882,NA,NA,NA
"179",2010,"MINNESOTA",3.0285,3.0285,2.9612,3.0958
"180",2010,"MISSOURI",2.79295,2.79295,2.8266,2.8266
"181",2010,"NEW JERSEY",1.6152,NA,NA,NA
"182",2010,"NEW YORK",3.2304,NA,NA,NA
"183",2010,"NORTH CAROLINA",1.7498,1.7498,2.019,2.019
"184",2010,"NORTH DAKOTA",2.2882,NA,NA,NA
"185",2010,"OHIO",3.2304,3.2304,3.0958,3.2304
"186",2010,"PENNSYLVANIA",2.8266,NA,NA,NA
"187",2010,"SOUTH CAROLINA",1.5479,NA,NA,NA
"188",2010,"TENNESSEE",2.0863,2.0863,2.6247,2.2882
"189",2010,"VIRGINIA",1.7498,NA,NA,NA
"190",2010,"WISCONSIN",3.39865,3.39865,2.9612,3.0285
"191",2009,"ALABAMA",2.692,NA,NA,NA
"192",2009,"DELAWARE",2.8266,NA,NA,NA
"193",2009,"ILLINOIS",3.0958,3.0958,2.9612,2.9612
"194",2009,"INDIANA",3.2977,3.2977,3.0285,2.8939
"195",2009,"IOWA",3.4323,3.4323,3.4996,3.4996
"196",2009,"KENTUCKY",3.2304,3.2304,2.692,2.8266
"197",2009,"MARYLAND",2.8266,NA,NA,NA
"198",2009,"MINNESOTA",2.692,2.692,2.692,2.692
"199",2009,"MISSOURI",2.92755,2.92755,2.692,2.8266
"200",2009,"NEW JERSEY",2.8266,NA,NA,NA
"201",2009,"NEW YORK",2.8939,NA,NA,NA
"202",2009,"NORTH CAROLINA",2.2882,2.2882,2.1536,2.2882
"203",2009,"NORTH DAKOTA",2.019,NA,NA,NA
"204",2009,"OHIO",3.2977,3.2977,3.1631,3.1631
"205",2009,"PENNSYLVANIA",3.0958,NA,NA,NA
"206",2009,"SOUTH CAROLINA",1.64885,NA,NA,NA
"207",2009,"TENNESSEE",3.0285,3.0285,2.692,2.692
"208",2009,"VIRGINIA",2.4901,NA,NA,NA
"209",2009,"WISCONSIN",2.692,2.692,2.6247,2.6247
"210",2008,"ALABAMA",2.3555,NA,NA,NA
"211",2008,"DELAWARE",1.85075,NA,NA,NA
"212",2008,"ILLINOIS",3.1631,3.1631,2.8266,2.8266
"213",2008,"INDIANA",3.0285,3.0285,3.0958,2.8939
"214",2008,"IOWA",3.12945,3.12945,3.1631,3.1631
"215",2008,"KENTUCKY",2.32185,2.32185,2.6247,2.4228
"216",2008,"MARYLAND",2.019,NA,NA,NA
"217",2008,"MINNESOTA",2.5574,2.5574,2.692,2.692
"218",2008,"MISSOURI",2.5574,2.5574,2.4901,2.4901
"219",2008,"NEW JERSEY",2.019,NA,NA,NA
"220",2008,"NEW YORK",3.0958,NA,NA,NA
"221",2008,"NORTH CAROLINA",2.2209,2.2209,1.8844,1.8844
"222",2008,"NORTH DAKOTA",1.8844,NA,NA,NA
"223",2008,"OHIO",2.4228,2.4228,3.0285,2.8266
"224",2008,"PENNSYLVANIA",2.692,NA,NA,NA
"225",2008,"SOUTH CAROLINA",2.1536,NA,NA,NA
"226",2008,"TENNESSEE",2.2882,2.2882,2.019,2.019
"227",2008,"VIRGINIA",2.1536,NA,NA,NA
"228",2008,"WISCONSIN",2.3555,2.3555,2.8266,2.5574
"229",2007,"ALABAMA",1.4133,NA,NA,NA
"230",2007,"DELAWARE",1.7498,NA,NA,NA
"231",2007,"ILLINOIS",2.92755,2.92755,3.1631,3.0958
"232",2007,"INDIANA",3.0958,3.0958,3.1631,2.8939
"233",2007,"IOWA",3.4996,3.4996,3.365,3.4323
"234",2007,"KENTUCKY",1.85075,1.85075,2.5574,2.019
"235",2007,"MARYLAND",1.85075,NA,NA,NA
"236",2007,"MINNESOTA",2.86025,2.86025,2.692,2.8266
"237",2007,"MISSOURI",2.52375,2.52375,2.4901,2.4901
"238",2007,"NEW JERSEY",2.0863,NA,NA,NA
"239",2007,"NEW YORK",2.6247,NA,NA,NA
"240",2007,"NORTH CAROLINA",1.4806,1.4806,1.8171,1.4806
"241",2007,"NORTH DAKOTA",2.38915,NA,NA,NA
"242",2007,"OHIO",3.1631,3.1631,2.9612,2.9612
"243",2007,"PENNSYLVANIA",2.7593,NA,NA,NA
"244",2007,"SOUTH CAROLINA",1.24505,NA,NA,NA
"245",2007,"TENNESSEE",1.2787,1.2787,2.2209,1.6152
"246",2007,"VIRGINIA",1.85075,NA,NA,NA
"247",2007,"WISCONSIN",2.72565,2.72565,2.8939,2.8266
"248",2006,"ALABAMA",1.346,NA,NA,NA
"249",2006,"DELAWARE",2.11995,NA,NA,NA
"250",2006,"ILLINOIS",3.2304,3.2304,3.0285,3.2304
"251",2006,"INDIANA",3.365,3.365,3.2977,3.365
"252",2006,"IOWA",3.39865,3.39865,3.0285,3.2977
"253",2006,"KENTUCKY",2.9612,2.9612,3.0285,3.0958
"254",2006,"MARYLAND",2.2882,NA,NA,NA
"255",2006,"MINNESOTA",2.99485,2.99485,2.4901,2.692
"256",2006,"MISSOURI",2.5574,2.5574,2.4901,2.7593
"257",2006,"NEW JERSEY",2.3555,NA,NA,NA
"258",2006,"NEW YORK",3.0958,NA,NA,NA
"259",2006,"NORTH CAROLINA",2.1536,2.1536,2.019,2.019
"260",2006,"NORTH DAKOTA",2.11995,NA,NA,NA
"261",2006,"OHIO",3.1631,3.1631,3.0285,3.0958
"262",2006,"PENNSYLVANIA",2.692,NA,NA,NA
"263",2006,"SOUTH CAROLINA",1.9517,NA,NA,NA
"264",2006,"TENNESSEE",2.6247,2.6247,2.4228,2.5574
"265",2006,"VIRGINIA",2.0863,NA,NA,NA
"266",2006,"WISCONSIN",2.9612,2.9612,2.7593,2.8266
"267",2005,"ALABAMA",2.2209,NA,NA,NA
"268",2005,"DELAWARE",1.7498,NA,NA,NA
"269",2005,"ILLINOIS",3.12945,3.12945,2.6247,2.7593
"270",2005,"INDIANA",3.2977,3.2977,3.0958,3.0285
"271",2005,"IOWA",3.53325,3.53325,2.9612,3.0285
"272",2005,"KENTUCKY",2.8939,2.8939,2.692,2.6247
"273",2005,"MARYLAND",2.2882,NA,NA,NA
"274",2005,"MINNESOTA",3.06215,3.06215,2.692,2.7593
"275",2005,"MISSOURI",2.4901,2.4901,2.0863,2.2209
"276",2005,"NEW JERSEY",1.8844,NA,NA,NA
"277",2005,"NEW YORK",2.8266,NA,NA,NA
"278",2005,"NORTH CAROLINA",1.8171,1.8171,2.1536,2.0863
"279",2005,"NORTH DAKOTA",2.45645,NA,NA,NA
"280",2005,"OHIO",3.0285,3.0285,2.8266,2.9612
"281",2005,"PENNSYLVANIA",2.7593,NA,NA,NA
"282",2005,"SOUTH CAROLINA",1.37965,NA,NA,NA
"283",2005,"TENNESSEE",2.5574,2.5574,2.692,2.6247
"284",2005,"VIRGINIA",2.05265,NA,NA,NA
"285",2005,"WISCONSIN",2.9612,2.9612,2.4228,2.4228
"286",2004,"ALABAMA",2.3555,NA,NA,NA
"287",2004,"DELAWARE",2.86025,NA,NA,NA
"288",2004,"ILLINOIS",3.365,3.365,2.9612,2.9612
"289",2004,"INDIANA",3.46595,3.46595,3.0285,3.0285
"290",2004,"IOWA",3.2977,3.2977,2.8266,2.692
"291",2004,"KENTUCKY",2.9612,2.9612,2.7593,2.7593
"292",2004,"MARYLAND",2.8939,NA,NA,NA
"293",2004,"MINNESOTA",2.2209,2.2209,2.692,2.4228
"294",2004,"MISSOURI",3.0285,3.0285,2.4228,2.5574
"295",2004,"NEW JERSEY",2.8266,NA,NA,NA
"296",2004,"NEW YORK",2.6247,NA,NA,NA
"297",2004,"NORTH CAROLINA",2.2882,2.2882,2.019,2.1536
"298",2004,"NORTH DAKOTA",1.5479,NA,NA,NA
"299",2004,"OHIO",3.1631,3.1631,2.692,2.692
"300",2004,"PENNSYLVANIA",3.0958,NA,NA,NA
"301",2004,"SOUTH CAROLINA",1.8171,NA,NA,NA
"302",2004,"TENNESSEE",2.7593,2.7593,2.4901,2.6247
"303",2004,"VIRGINIA",2.6247,NA,NA,NA
"304",2004,"WISCONSIN",2.32185,2.32185,2.4228,2.2209
"305",2003,"ALABAMA",2.4228,NA,NA,NA
"306",2003,"DELAWARE",2.4228,NA,NA,NA
"307",2003,"ILLINOIS",2.4901,2.4901,2.8939,2.8266
"308",2003,"INDIANA",2.5574,2.5574,2.8939,2.8939
"309",2003,"IOWA",2.18725,2.18725,3.0958,2.6247
"310",2003,"KENTUCKY",2.92755,2.92755,2.4228,2.5574
"311",2003,"MARYLAND",2.4901,NA,NA,NA
"312",2003,"MINNESOTA",2.1536,2.1536,2.8939,2.4901
"313",2003,"MISSOURI",1.98535,1.98535,2.2882,1.9517
"314",2003,"NEW JERSEY",2.2882,NA,NA,NA
"315",2003,"NEW YORK",2.3555,NA,NA,NA
"316",2003,"NORTH CAROLINA",2.019,2.019,1.8844,1.8844
"317",2003,"NORTH DAKOTA",1.9517,NA,NA,NA
"318",2003,"OHIO",2.59105,2.59105,2.8266,2.8266
"319",2003,"PENNSYLVANIA",2.7593,NA,NA,NA
"320",2003,"SOUTH CAROLINA",1.8844,NA,NA,NA
"321",2003,"TENNESSEE",2.8266,2.8266,2.2209,2.4228
"322",2003,"VIRGINIA",2.2882,NA,NA,NA
"323",2003,"WISCONSIN",1.8844,1.8844,3.0285,2.4228
"324",2002,"ALABAMA",1.6152,NA,NA,NA
"325",2002,"DELAWARE",1.6825,NA,NA,NA
"326",2002,"ILLINOIS",2.8939,2.8939,2.692,2.7593
"327",2002,"INDIANA",2.79295,2.79295,2.7593,2.7593
"328",2002,"IOWA",3.2304,3.2304,3.0285,3.0958
"329",2002,"KENTUCKY",2.2209,2.2209,2.0863,2.019
"330",2002,"MARYLAND",1.5479,NA,NA,NA
"331",2002,"MINNESOTA",2.92755,2.92755,2.692,2.8939
"332",2002,"MISSOURI",2.2882,2.2882,2.2209,2.1536
"333",2002,"NEW JERSEY",1.6152,NA,NA,NA
"334",2002,"NEW YORK",2.1536,NA,NA,NA
"335",2002,"NORTH CAROLINA",1.6152,1.6152,1.7498,1.6152
"336",2002,"NORTH DAKOTA",2.2209,NA,NA,NA
"337",2002,"OHIO",2.1536,2.1536,2.4228,2.2209
"338",2002,"PENNSYLVANIA",1.7498,NA,NA,NA
"339",2002,"SOUTH CAROLINA",1.1441,NA,NA,NA
"340",2002,"TENNESSEE",2.0863,2.0863,1.9517,2.019
"341",2002,"VIRGINIA",1.5479,NA,NA,NA
"342",2002,"WISCONSIN",2.9612,2.9612,2.6247,2.6247
"343",2001,"ALABAMA",2.3555,NA,NA,NA
"344",2001,"DELAWARE",2.6247,NA,NA,NA
"345",2001,"ILLINOIS",3.0285,3.0285,2.9612,2.8939
"346",2001,"INDIANA",3.2977,3.2977,3.0958,3.2304
"347",2001,"IOWA",2.9612,2.9612,2.8266,2.8266
"348",2001,"KENTUCKY",2.692,2.692,2.4901,2.692
"349",2001,"MARYLAND",2.6247,NA,NA,NA
"350",2001,"MINNESOTA",2.4901,2.4901,2.6247,2.4228
"351",2001,"MISSOURI",2.5574,2.5574,2.1536,2.1536
"352",2001,"NEW JERSEY",2.0863,NA,NA,NA
"353",2001,"NEW YORK",2.2209,NA,NA,NA
"354",2001,"NORTH CAROLINA",2.1536,2.1536,2.019,2.1536
"355",2001,"NORTH DAKOTA",2.25455,NA,NA,NA
"356",2001,"OHIO",2.7593,2.7593,2.8266,2.8939
"357",2001,"PENNSYLVANIA",2.3555,NA,NA,NA
"358",2001,"SOUTH CAROLINA",1.4133,NA,NA,NA
"359",2001,"TENNESSEE",2.2882,2.2882,2.1536,2.2209
"360",2001,"VIRGINIA",2.38915,NA,NA,NA
"361",2001,"WISCONSIN",2.4901,2.4901,2.6247,2.5574
"362",2000,"ALABAMA",1.2114,NA,NA,NA
"363",2000,"DELAWARE",2.8939,NA,NA,NA
"364",2000,"ILLINOIS",2.9612,2.9612,3.2304,3.1631
"365",2000,"INDIANA",3.0958,3.0958,3.0958,3.0958
"366",2000,"IOWA",2.92755,2.92755,3.2977,3.1631
"367",2000,"KENTUCKY",2.6247,2.6247,2.2882,2.4228
"368",2000,"MARYLAND",2.8939,NA,NA,NA
"369",2000,"MINNESOTA",2.7593,2.7593,2.8266,2.8266
"370",2000,"MISSOURI",2.3555,2.3555,2.7593,2.5574
"371",2000,"NEW JERSEY",2.692,NA,NA,NA
"372",2000,"NEW YORK",2.2209,NA,NA,NA
"373",2000,"NORTH CAROLINA",2.18725,2.18725,2.019,2.019
"374",2000,"NORTH DAKOTA",2.1536,NA,NA,NA
"375",2000,"OHIO",2.8266,2.8266,2.7593,2.8939
"376",2000,"PENNSYLVANIA",2.8939,NA,NA,NA
"377",2000,"SOUTH CAROLINA",1.6825,NA,NA,NA
"378",2000,"TENNESSEE",1.6825,1.6825,2.019,1.7498
"379",2000,"VIRGINIA",2.59105,NA,NA,NA
"380",2000,"WISCONSIN",2.692,2.692,3.0285,2.9612
"381",1999,"ALABAMA",1.0768,NA,NA,NA
"382",1999,"DELAWARE",1.8171,NA,NA,NA
"383",1999,"ILLINOIS",2.8266,2.8266,2.8939,2.8939
"384",1999,"INDIANA",2.6247,2.6247,2.7593,2.692
"385",1999,"IOWA",2.99485,2.99485,3.2304,3.365
"386",1999,"KENTUCKY",1.4133,1.4133,1.8171,1.4133
"387",1999,"MARYLAND",2.1536,NA,NA,NA
"388",1999,"MINNESOTA",2.8266,2.8266,2.8266,2.7593
"389",1999,"MISSOURI",1.85075,1.85075,2.2882,1.9517
"390",1999,"NEW JERSEY",1.6152,NA,NA,NA
"391",1999,"NEW YORK",2.4901,NA,NA,NA
"392",1999,"NORTH CAROLINA",1.5479,1.5479,1.8171,1.8171
"393",1999,"NORTH DAKOTA",2.3555,NA,NA,NA
"394",1999,"OHIO",2.4228,2.4228,2.8266,2.6247
"395",1999,"PENNSYLVANIA",1.9517,NA,NA,NA
"396",1999,"SOUTH CAROLINA",1.346,NA,NA,NA
"397",1999,"TENNESSEE",1.2787,1.2787,2.019,1.346
"398",1999,"VIRGINIA",1.8171,NA,NA,NA
"399",1999,"WISCONSIN",3.0958,NA,NA,NA
"400",1998,"ALABAMA",1.4806,NA,NA,NA
"401",1998,"DELAWARE",2.2209,NA,NA,NA
"402",1998,"ILLINOIS",2.9612,2.9612,3.0285,3.2304
"403",1998,"INDIANA",2.8266,2.8266,3.0285,3.0285
"404",1998,"IOWA",3.2304,3.2304,3.1631,3.365
"405",1998,"KENTUCKY",2.019,2.019,2.4228,2.3555
"406",1998,"MARYLAND",2.0863,NA,NA,NA
"407",1998,"MINNESOTA",2.8266,2.8266,2.6247,2.692
"408",1998,"MISSOURI",2.2882,2.2882,2.5574,2.5574
"409",1998,"NEW JERSEY",1.8844,NA,NA,NA
"410",1998,"NEW YORK",2.7593,NA,NA,NA
"411",1998,"NORTH CAROLINA",1.8171,1.8171,1.8171,1.7498
"412",1998,"NORTH DAKOTA",2.1536,NA,NA,NA
"413",1998,"OHIO",2.9612,2.9612,2.9612,2.9612
"414",1998,"PENNSYLVANIA",2.692,NA,NA,NA
"415",1998,"SOUTH CAROLINA",1.4133,NA,NA,NA
"416",1998,"TENNESSEE",1.9517,1.9517,2.3555,2.3555
"417",1998,"VIRGINIA",1.5479,NA,NA,NA
"418",1998,"WISCONSIN",3.1631,NA,NA,NA
"419",1997,"ALABAMA",1.6825,NA,NA,NA
"420",1997,"DELAWARE",1.9517,NA,NA,NA
"421",1997,"ILLINOIS",2.8939,2.8939,2.8939,2.8939
"422",1997,"INDIANA",2.92755,2.92755,2.9612,2.8266
"423",1997,"IOWA",3.0958,3.0958,3.2977,3.2977
"424",1997,"KENTUCKY",2.32185,2.32185,2.4228,2.4228
"425",1997,"MARYLAND",2.019,NA,NA,NA
"426",1997,"MINNESOTA",2.6247,2.6247,2.8266,2.7593
"427",1997,"MISSOURI",2.4228,2.4228,2.2882,2.4901
"428",1997,"NEW JERSEY",2.0863,NA,NA,NA
"429",1997,"NORTH CAROLINA",1.9517,1.9517,1.8844,1.7498
"430",1997,"NORTH DAKOTA",1.98535,NA,NA,NA
"431",1997,"OHIO",2.9612,2.9612,2.8266,2.8939
"432",1997,"PENNSYLVANIA",2.4901,NA,NA,NA
"433",1997,"SOUTH CAROLINA",1.51425,NA,NA,NA
"434",1997,"TENNESSEE",2.2882,2.2882,2.1536,2.2882
"435",1997,"VIRGINIA",1.5479,NA,NA,NA
"436",1997,"WISCONSIN",2.9612,NA,NA,NA
"437",1996,"ALABAMA",2.2882,NA,NA,NA
"438",1996,"DELAWARE",2.3555,NA,NA,NA
"439",1996,"ILLINOIS",2.72565,2.72565,2.5574,2.4901
"440",1996,"INDIANA",2.5574,2.5574,2.3555,2.3555
"441",1996,"IOWA",2.9612,2.9612,3.0285,2.9612
"442",1996,"KENTUCKY",2.5574,2.5574,2.4228,2.4228
"443",1996,"MARYLAND",2.4901,NA,NA,NA
"444",1996,"MINNESOTA",2.5574,2.5574,2.5574,2.4228
"445",1996,"MISSOURI",2.4901,2.4901,2.2882,2.3555
"446",1996,"NEW JERSEY",2.4901,NA,NA,NA
"447",1996,"NORTH CAROLINA",1.9517,1.9517,2.0863,2.0863
"448",1996,"NORTH DAKOTA",1.9517,NA,NA,NA
"449",1996,"OHIO",2.3555,2.3555,2.3555,2.1536
"450",1996,"PENNSYLVANIA",2.692,NA,NA,NA
"451",1996,"SOUTH CAROLINA",1.6825,NA,NA,NA
"452",1996,"TENNESSEE",2.3555,2.3555,2.1536,2.1536
"453",1996,"VIRGINIA",2.2882,NA,NA,NA
"454",1996,"WISCONSIN",2.4901,NA,NA,NA
"455",1995,"ALABAMA",1.6152,NA,NA,NA
"456",1995,"DELAWARE",1.346,NA,NA,NA
"457",1995,"ILLINOIS",2.6247,2.6247,2.6247,2.7593
"458",1995,"INDIANA",2.65835,2.65835,2.8939,2.9612
"459",1995,"IOWA",2.9612,2.9612,2.8939,2.9612
"460",1995,"KENTUCKY",2.4228,2.4228,2.4228,2.4901
"461",1995,"MARYLAND",1.5479,NA,NA,NA
"462",1995,"MINNESOTA",2.72565,2.72565,2.5574,2.5574
"463",1995,"MISSOURI",1.98535,1.98535,2.0863,2.0863
"464",1995,"NEW JERSEY",1.4806,NA,NA,NA
"465",1995,"NORTH CAROLINA",1.6825,1.6825,1.8844,1.5479
"466",1995,"NORTH DAKOTA",1.9517,NA,NA,NA
"467",1995,"OHIO",2.5574,2.5574,2.6247,2.8266
"468",1995,"PENNSYLVANIA",2.019,NA,NA,NA
"469",1995,"SOUTH CAROLINA",1.6152,NA,NA,NA
"470",1995,"TENNESSEE",2.1536,2.1536,2.2209,2.2209
"471",1995,"VIRGINIA",1.6152,NA,NA,NA
"472",1995,"WISCONSIN",2.8939,NA,NA,NA
"473",1994,"ALABAMA",2.0863,NA,NA,NA
"474",1994,"DELAWARE",2.45645,NA,NA,NA
"475",1994,"ILLINOIS",3.06215,3.06215,2.8939,2.8939
"476",1994,"INDIANA",3.1631,3.1631,2.8939,2.8939
"477",1994,"IOWA",3.39865,3.39865,2.9612,3.0958
"478",1994,"KENTUCKY",2.52375,2.52375,2.3555,2.2209
"479",1994,"MARYLAND",2.38915,NA,NA,NA
"480",1994,"MINNESOTA",2.692,2.692,2.6247,2.6247
"481",1994,"MISSOURI",2.5574,2.5574,2.2209,2.2209
"482",1994,"NEW JERSEY",2.32185,NA,NA,NA
"483",1994,"NORTH CAROLINA",2.0863,2.0863,1.9517,1.9517
"484",1994,"NORTH DAKOTA",2.0863,NA,NA,NA
"485",1994,"OHIO",2.92755,2.92755,2.692,2.9612
"486",1994,"PENNSYLVANIA",2.8266,NA,NA,NA
"487",1994,"SOUTH CAROLINA",1.8171,NA,NA,NA
"488",1994,"TENNESSEE",2.45645,2.45645,2.2209,2.1536
"489",1994,"VIRGINIA",2.1536,NA,NA,NA
"490",1994,"WISCONSIN",2.92755,NA,NA,NA
"491",1993,"ALABAMA",1.6152,NA,NA,NA
"492",1993,"DELAWARE",1.5479,NA,NA,NA
"493",1993,"ILLINOIS",2.8939,2.8939,2.8266,2.9612
"494",1993,"INDIANA",3.0958,3.0958,3.0285,3.1631
"495",1993,"IOWA",2.0863,2.0863,2.3555,2.3555
"496",1993,"KENTUCKY",2.2209,2.2209,2.1536,2.2209
"497",1993,"MARYLAND",1.7498,NA,NA,NA
"498",1993,"MINNESOTA",1.5479,1.5479,1.8171,1.6825
"499",1993,"MISSOURI",2.2209,2.2209,2.2209,2.3555
"500",1993,"NEW JERSEY",1.9517,NA,NA,NA
"501",1993,"NORTH CAROLINA",1.6152,1.6152,1.6152,1.6152
"502",1993,"NORTH DAKOTA",1.1441,NA,NA,NA
"503",1993,"OHIO",2.5574,2.5574,2.7593,2.6247
"504",1993,"PENNSYLVANIA",2.6247,NA,NA,NA
"505",1993,"SOUTH CAROLINA",1.0095,NA,NA,NA
"506",1993,"TENNESSEE",2.0863,2.0863,1.8844,1.8844
"507",1993,"VIRGINIA",1.4806,NA,NA,NA
"508",1993,"WISCONSIN",2.3555,NA,NA,NA
"509",1992,"ALABAMA",1.9517,NA,NA,NA
"510",1992,"DELAWARE",2.1536,NA,NA,NA
"511",1992,"ILLINOIS",2.8939,2.8939,2.7593,2.7593
"512",1992,"INDIANA",2.8939,2.8939,2.7593,2.7593
"513",1992,"IOWA",2.9612,2.9612,2.8266,2.8266
"514",1992,"KENTUCKY",2.5574,2.5574,2.2882,2.2882
"515",1992,"MARYLAND",2.2209,NA,NA,NA
"516",1992,"MINNESOTA",2.1536,2.1536,2.4228,2.4228
"517",1992,"MISSOURI",2.5574,2.5574,2.2882,2.2882
"518",1992,"NEW JERSEY",2.2209,NA,NA,NA
"519",1992,"NORTH CAROLINA",1.8171,1.8171,1.8844,1.8844
"520",1992,"NORTH DAKOTA",1.6825,NA,NA,NA
"521",1992,"OHIO",2.692,2.692,2.4901,2.4901
"522",1992,"PENNSYLVANIA",2.6247,NA,NA,NA
"523",1992,"SOUTH CAROLINA",1.4806,NA,NA,NA
"524",1992,"TENNESSEE",2.3555,2.3555,2.019,2.0863
"525",1992,"VIRGINIA",2.0863,NA,NA,NA
"526",1992,"WISCONSIN",2.1536,NA,NA,NA
"527",1991,"ALABAMA",1.5479,NA,NA,NA
"528",1991,"DELAWARE",2.3555,NA,NA,NA
"529",1991,"ILLINOIS",2.52375,2.52375,2.3555,2.2882
"530",1991,"INDIANA",2.6247,2.6247,2.3555,2.3555
"531",1991,"IOWA",2.72565,2.72565,2.5574,2.5574
"532",1991,"KENTUCKY",2.18725,2.18725,1.9517,1.7498
"533",1991,"MARYLAND",2.2882,NA,NA,NA
"534",1991,"MINNESOTA",2.45645,2.45645,2.4901,2.3555
"535",1991,"MISSOURI",2.05265,2.05265,1.9517,1.8171
"536",1991,"NEW JERSEY",2.4228,NA,NA,NA
"537",1991,"NORTH CAROLINA",1.98535,1.98535,1.7498,1.7498
"538",1991,"NORTH DAKOTA",2.05265,NA,NA,NA
"539",1991,"OHIO",2.4228,2.4228,2.2209,2.1536
"540",1991,"PENNSYLVANIA",2.2209,NA,NA,NA
"541",1991,"SOUTH CAROLINA",1.4806,NA,NA,NA
"542",1991,"TENNESSEE",2.019,2.019,1.6825,1.6152
"543",1991,"VIRGINIA",1.9517,NA,NA,NA
"544",1991,"WISCONSIN",2.8266,NA,NA,NA
"545",1990,"ALABAMA",1.1441,NA,NA,NA
"546",1990,"DELAWARE",2.2882,NA,NA,NA
"547",1990,"ILLINOIS",2.6247,2.6247,2.4228,2.5574
"548",1990,"INDIANA",2.7593,2.7593,2.4228,2.4901
"549",1990,"IOWA",2.79295,2.79295,2.5574,2.6247
"550",1990,"KENTUCKY",2.1536,2.1536,2.019,2.019
"551",1990,"MARYLAND",2.4228,NA,NA,NA
"552",1990,"MINNESOTA",2.6247,2.6247,2.4901,2.4228
"553",1990,"MISSOURI",2.019,2.019,1.8844,1.8844
"554",1990,"NEW JERSEY",2.4901,NA,NA,NA
"555",1990,"NORTH CAROLINA",1.6152,1.6152,1.7498,1.7498
"556",1990,"NORTH DAKOTA",1.7498,NA,NA,NA
"557",1990,"OHIO",2.6247,2.6247,2.4228,2.4228
"558",1990,"PENNSYLVANIA",2.7593,NA,NA,NA
"559",1990,"SOUTH CAROLINA",1.24505,NA,NA,NA
"560",1990,"TENNESSEE",1.8171,1.8171,1.8171,1.5479
"561",1990,"VIRGINIA",2.1536,NA,NA,NA
"562",1990,"WISCONSIN",2.7593,NA,NA,NA
"563",1989,"ALABAMA",1.4133,NA,NA,NA
"564",1989,"DELAWARE",1.9517,NA,NA,NA
"565",1989,"ILLINOIS",2.692,2.692,2.6247,2.5574
"566",1989,"INDIANA",2.45645,2.45645,2.6247,2.6247
"567",1989,"IOWA",2.6247,2.6247,2.4901,2.4228
"568",1989,"KENTUCKY",2.11995,2.11995,NA,NA
"569",1989,"MARYLAND",2.019,NA,NA,NA
"570",1989,"MINNESOTA",2.4901,2.4901,2.2209,2.2882
"571",1989,"MISSOURI",1.8844,1.8844,2.1536,2.0863
"572",1989,"NEW JERSEY",2.1536,NA,NA,NA
"573",1989,"NORTH CAROLINA",1.8171,1.8171,NA,NA
"574",1989,"NORTH DAKOTA",1.4806,NA,NA,NA
"575",1989,"OHIO",2.11995,2.11995,2.2209,2.2209
"576",1989,"PENNSYLVANIA",2.2882,NA,NA,NA
"577",1989,"SOUTH CAROLINA",1.4133,NA,NA,NA
"578",1989,"TENNESSEE",1.6152,1.6152,NA,NA
"579",1989,"VIRGINIA",2.1536,NA,NA,NA
"580",1989,"WISCONSIN",2.4901,NA,NA,NA
"581",1988,"ALABAMA",1.6825,NA,NA,NA
"582",1988,"DELAWARE",1.8171,NA,NA,NA
"583",1988,"ILLINOIS",1.8171,1.8171,1.8844,1.8844
"584",1988,"INDIANA",1.85075,1.85075,1.9517,2.019
"585",1988,"IOWA",2.0863,2.0863,2.019,1.9517
"586",1988,"KENTUCKY",1.78345,1.78345,NA,NA
"587",1988,"MARYLAND",2.0863,NA,NA,NA
"588",1988,"MINNESOTA",1.7498,1.7498,1.6152,1.5479
"589",1988,"MISSOURI",1.78345,1.78345,1.6825,1.6825
"590",1988,"NEW JERSEY",1.8171,NA,NA,NA
"591",1988,"NORTH CAROLINA",1.8171,1.8171,NA,NA
"592",1988,"NORTH DAKOTA",1.2114,NA,NA,NA
"593",1988,"OHIO",1.8171,1.8171,1.8844,1.9517
"594",1988,"PENNSYLVANIA",2.1536,NA,NA,NA
"595",1988,"SOUTH CAROLINA",1.58155,NA,NA,NA
"596",1988,"TENNESSEE",1.7498,1.7498,NA,NA
"597",1988,"VIRGINIA",1.8844,NA,NA,NA
"598",1988,"WISCONSIN",1.5479,NA,NA,NA
"599",1987,"ALABAMA",1.2114,NA,NA,NA
"600",1987,"DELAWARE",1.2114,NA,NA,NA
"601",1987,"ILLINOIS",2.5574,2.5574,2.5574,2.5574
"602",1987,"INDIANA",2.692,2.692,2.8266,2.7593
"603",1987,"IOWA",2.92755,2.92755,2.7593,2.7593
"604",1987,"KENTUCKY",1.78345,1.78345,NA,NA
"605",1987,"MARYLAND",1.51425,NA,NA,NA
"606",1987,"MINNESOTA",2.6247,2.6247,2.4901,2.5574
"607",1987,"MISSOURI",2.1536,2.1536,2.1536,2.1536
"608",1987,"NEW JERSEY",2.0863,NA,NA,NA
"609",1987,"NORTH CAROLINA",1.64885,1.64885,NA,NA
"610",1987,"NORTH DAKOTA",2.18725,NA,NA,NA
"611",1987,"OHIO",2.4901,2.4901,2.8939,2.692
"612",1987,"PENNSYLVANIA",2.2882,NA,NA,NA
"613",1987,"SOUTH CAROLINA",1.4806,NA,NA,NA
"614",1987,"TENNESSEE",1.5479,1.5479,NA,NA
"615",1987,"VIRGINIA",1.4806,NA,NA,NA
"616",1987,"WISCONSIN",2.5574,NA,NA,NA
"617",1986,"ALABAMA",1.5479,NA,NA,NA
"618",1986,"DELAWARE",1.6152,NA,NA,NA
"619",1986,"ILLINOIS",2.692,NA,NA,NA
"620",1986,"INDIANA",2.4901,NA,NA,NA
"621",1986,"IOWA",2.79295,NA,NA,NA
"622",1986,"KENTUCKY",2.1536,NA,NA,NA
"623",1986,"MARYLAND",1.8171,NA,NA,NA
"624",1986,"MINNESOTA",2.3555,NA,NA,NA
"625",1986,"MISSOURI",2.18725,NA,NA,NA
"626",1986,"NEW JERSEY",1.9517,NA,NA,NA
"627",1986,"NORTH CAROLINA",1.6152,NA,NA,NA
"628",1986,"NORTH DAKOTA",2.3555,NA,NA,NA
"629",1986,"OHIO",2.72565,NA,NA,NA
"630",1986,"PENNSYLVANIA",2.3555,NA,NA,NA
"631",1986,"SOUTH CAROLINA",1.11045,NA,NA,NA
"632",1986,"TENNESSEE",1.6825,NA,NA,NA
"633",1986,"VIRGINIA",1.6152,NA,NA,NA
"634",1986,"WISCONSIN",2.4228,NA,NA,NA
"635",1985,"ALABAMA",1.8171,NA,NA,NA
"636",1985,"DELAWARE",2.019,NA,NA,NA
"637",1985,"ILLINOIS",2.86025,NA,NA,NA
"638",1985,"INDIANA",2.79295,NA,NA,NA
"639",1985,"IOWA",2.5574,NA,NA,NA
"640",1985,"KENTUCKY",2.2882,NA,NA,NA
"641",1985,"MARYLAND",2.1536,NA,NA,NA
"642",1985,"MINNESOTA",2.1536,NA,NA,NA
"643",1985,"MISSOURI",2.32185,NA,NA,NA
"644",1985,"NEW JERSEY",2.2882,NA,NA,NA
"645",1985,"NORTH CAROLINA",1.5479,NA,NA,NA
"646",1985,"NORTH DAKOTA",1.7498,NA,NA,NA
"647",1985,"OHIO",2.79295,NA,NA,NA
"648",1985,"PENNSYLVANIA",2.3555,NA,NA,NA
"649",1985,"SOUTH CAROLINA",1.346,NA,NA,NA
"650",1985,"TENNESSEE",2.0863,NA,NA,NA
"651",1985,"VIRGINIA",1.6825,NA,NA,NA
"652",1985,"WISCONSIN",2.1536,NA,NA,NA
"653",1984,"ALABAMA",1.4133,NA,NA,NA
"654",1984,"DELAWARE",1.6152,NA,NA,NA
"655",1984,"ILLINOIS",2.11995,NA,NA,NA
"656",1984,"INDIANA",2.32185,NA,NA,NA
"657",1984,"IOWA",2.11995,NA,NA,NA
"658",1984,"KENTUCKY",1.9517,NA,NA,NA
"659",1984,"MARYLAND",1.9517,NA,NA,NA
"660",1984,"MINNESOTA",2.2209,NA,NA,NA
"661",1984,"MISSOURI",1.37965,NA,NA,NA
"662",1984,"NEW JERSEY",2.0863,NA,NA,NA
"663",1984,"NORTH CAROLINA",1.7498,NA,NA,NA
"664",1984,"NORTH DAKOTA",1.5479,NA,NA,NA
"665",1984,"OHIO",2.45645,NA,NA,NA
"666",1984,"PENNSYLVANIA",2.3555,NA,NA,NA
"667",1984,"SOUTH CAROLINA",1.346,NA,NA,NA
"668",1984,"TENNESSEE",1.7498,NA,NA,NA
"669",1984,"VIRGINIA",1.98535,NA,NA,NA
"670",1984,"WISCONSIN",2.0863,NA,NA,NA
"671",1983,"ALABAMA",1.346,NA,NA,NA
"672",1983,"DELAWARE",1.9517,NA,NA,NA
"673",1983,"ILLINOIS",1.98535,NA,NA,NA
"674",1983,"INDIANA",2.0863,NA,NA,NA
"675",1983,"IOWA",2.3555,NA,NA,NA
"676",1983,"KENTUCKY",1.1441,NA,NA,NA
"677",1983,"MARYLAND",1.7498,NA,NA,NA
"678",1983,"MINNESOTA",2.2209,NA,NA,NA
"679",1983,"MISSOURI",1.346,NA,NA,NA
"680",1983,"NEW JERSEY",1.5479,NA,NA,NA
"681",1983,"NORTH CAROLINA",1.346,NA,NA,NA
"682",1983,"NORTH DAKOTA",1.8171,NA,NA,NA
"683",1983,"OHIO",2.1536,NA,NA,NA
"684",1983,"PENNSYLVANIA",1.6152,NA,NA,NA
"685",1983,"SOUTH CAROLINA",1.11045,NA,NA,NA
"686",1983,"TENNESSEE",1.0768,NA,NA,NA
"687",1983,"VIRGINIA",1.0768,NA,NA,NA
"688",1983,"WISCONSIN",2.3555,NA,NA,NA
"689",1982,"ALABAMA",1.6825,NA,NA,NA
"690",1982,"DELAWARE",1.6152,NA,NA,NA
"691",1982,"ILLINOIS",2.59105,NA,NA,NA
"692",1982,"INDIANA",2.59105,NA,NA,NA
"693",1982,"IOWA",2.45645,NA,NA,NA
"694",1982,"KENTUCKY",2.11995,NA,NA,NA
"695",1982,"MARYLAND",1.9517,NA,NA,NA
"696",1982,"MINNESOTA",2.3555,NA,NA,NA
"697",1982,"MISSOURI",2.019,NA,NA,NA
"698",1982,"NEW JERSEY",1.6825,NA,NA,NA
"699",1982,"NORTH CAROLINA",1.6825,NA,NA,NA
"700",1982,"NORTH DAKOTA",1.4133,NA,NA,NA
"701",1982,"OHIO",2.4228,NA,NA,NA
"702",1982,"PENNSYLVANIA",2.0863,NA,NA,NA
"703",1982,"SOUTH CAROLINA",1.4806,NA,NA,NA
"704",1982,"TENNESSEE",1.78345,NA,NA,NA
"705",1982,"VIRGINIA",1.9517,NA,NA,NA
"706",1982,"WISCONSIN",2.0863,NA,NA,NA
"707",1981,"ALABAMA",1.5479,NA,NA,NA
"708",1981,"DELAWARE",1.8171,NA,NA,NA
"709",1981,"ILLINOIS",2.5574,NA,NA,NA
"710",1981,"INDIANA",2.2209,NA,NA,NA
"711",1981,"IOWA",2.692,NA,NA,NA
"712",1981,"KENTUCKY",1.9517,NA,NA,NA
"713",1981,"MARYLAND",1.98535,NA,NA,NA
"714",1981,"MINNESOTA",2.1536,NA,NA,NA
"715",1981,"MISSOURI",2.019,NA,NA,NA
"716",1981,"NEW JERSEY",1.9517,NA,NA,NA
"717",1981,"NORTH CAROLINA",1.6825,NA,NA,NA
"718",1981,"NORTH DAKOTA",1.8844,NA,NA,NA
"719",1981,"OHIO",1.91805,NA,NA,NA
"720",1981,"PENNSYLVANIA",2.0863,NA,NA,NA
"721",1981,"SOUTH CAROLINA",1.346,NA,NA,NA
"722",1981,"TENNESSEE",1.6825,NA,NA,NA
"723",1981,"VIRGINIA",1.8844,NA,NA,NA
"724",1981,"WISCONSIN",2.2209,NA,NA,NA
"725",1980,"ALABAMA",1.0095,NA,NA,NA
"726",1980,"DELAWARE",1.346,NA,NA,NA
"727",1980,"ILLINOIS",2.25455,NA,NA,NA
"728",1980,"INDIANA",2.4228,NA,NA,NA
"729",1980,"IOWA",2.59105,NA,NA,NA
"730",1980,"KENTUCKY",1.51425,NA,NA,NA
"731",1980,"MARYLAND",1.6152,NA,NA,NA
"732",1980,"MINNESOTA",2.11995,NA,NA,NA
"733",1980,"MISSOURI",1.64885,NA,NA,NA
"734",1980,"NEW JERSEY",1.2114,NA,NA,NA
"735",1980,"NEW YORK",1.6152,NA,NA,NA
"736",1980,"NORTH CAROLINA",1.2114,NA,NA,NA
"737",1980,"NORTH DAKOTA",1.17775,NA,NA,NA
"738",1980,"OHIO",2.4228,NA,NA,NA
"739",1980,"PENNSYLVANIA",1.64885,NA,NA,NA
"740",1980,"SOUTH CAROLINA",0.8749,NA,NA,NA
"741",1980,"TENNESSEE",1.2114,NA,NA,NA
"742",1980,"VIRGINIA",1.0095,NA,NA,NA
"743",1980,"WISCONSIN",2.2209,NA,NA,NA
"744",1979,"ALABAMA",1.6825,NA,NA,NA
"745",1979,"DELAWARE",2.019,NA,NA,NA
"746",1979,"ILLINOIS",2.6247,NA,NA,NA
"747",1979,"INDIANA",2.4228,NA,NA,NA
"748",1979,"IOWA",2.52375,NA,NA,NA
"749",1979,"KENTUCKY",2.18725,NA,NA,NA
"750",1979,"MARYLAND",2.019,NA,NA,NA
"751",1979,"MINNESOTA",2.1536,NA,NA,NA
"752",1979,"MISSOURI",2.11995,NA,NA,NA
"753",1979,"NEW JERSEY",2.019,NA,NA,NA
"754",1979,"NEW YORK",1.7498,NA,NA,NA
"755",1979,"NORTH CAROLINA",1.58155,NA,NA,NA
"756",1979,"NORTH DAKOTA",1.8171,NA,NA,NA
"757",1979,"OHIO",2.38915,NA,NA,NA
"758",1979,"PENNSYLVANIA",2.1536,NA,NA,NA
"759",1979,"SOUTH CAROLINA",1.6152,NA,NA,NA
"760",1979,"TENNESSEE",1.8171,NA,NA,NA
"761",1979,"VIRGINIA",1.91805,NA,NA,NA
"762",1979,"WISCONSIN",2.2882,NA,NA,NA
"763",1978,"ALABAMA",1.4133,NA,NA,NA
"764",1978,"DELAWARE",1.9517,NA,NA,NA
"765",1978,"ILLINOIS",2.25455,NA,NA,NA
"766",1978,"INDIANA",2.32185,NA,NA,NA
"767",1978,"IOWA",2.52375,NA,NA,NA
"768",1978,"KENTUCKY",2.019,NA,NA,NA
"769",1978,"MARYLAND",2.1536,NA,NA,NA
"770",1978,"MINNESOTA",2.4228,NA,NA,NA
"771",1978,"MISSOURI",1.91805,NA,NA,NA
"772",1978,"NEW JERSEY",2.0863,NA,NA,NA
"773",1978,"NEW YORK",1.5479,NA,NA,NA
"774",1978,"NORTH CAROLINA",1.6152,NA,NA,NA
"775",1978,"NORTH DAKOTA",1.85075,NA,NA,NA
"776",1978,"OHIO",2.2209,NA,NA,NA
"777",1978,"PENNSYLVANIA",2.11995,NA,NA,NA
"778",1978,"SOUTH CAROLINA",1.4806,NA,NA,NA
"779",1978,"TENNESSEE",1.58155,NA,NA,NA
"780",1978,"VIRGINIA",1.8844,NA,NA,NA
"781",1978,"WISCONSIN",2.1536,NA,NA,NA
"782",1977,"ALABAMA",1.4133,NA,NA,NA
"783",1977,"DELAWARE",1.6152,NA,NA,NA
"784",1977,"ILLINOIS",2.5574,NA,NA,NA
"785",1977,"INDIANA",2.4901,NA,NA,NA
"786",1977,"IOWA",2.38915,NA,NA,NA
"787",1977,"KENTUCKY",2.0863,NA,NA,NA
"788",1977,"MARYLAND",1.8171,NA,NA,NA
"789",1977,"MINNESOTA",2.38915,NA,NA,NA
"790",1977,"MISSOURI",2.1536,NA,NA,NA
"791",1977,"NEW JERSEY",1.6152,NA,NA,NA
"792",1977,"NEW YORK",1.5479,NA,NA,NA
"793",1977,"NORTH CAROLINA",1.44695,NA,NA,NA
"794",1977,"NORTH DAKOTA",1.346,NA,NA,NA
"795",1977,"OHIO",2.3555,NA,NA,NA
"796",1977,"PENNSYLVANIA",2.0863,NA,NA,NA
"797",1977,"SOUTH CAROLINA",1.37965,NA,NA,NA
"798",1977,"TENNESSEE",1.58155,NA,NA,NA
"799",1977,"VIRGINIA",1.2787,NA,NA,NA
"800",1977,"WISCONSIN",2.3555,NA,NA,NA
"801",1976,"ALABAMA",1.6152,NA,NA,NA
"802",1976,"DELAWARE",1.6152,NA,NA,NA
"803",1976,"ILLINOIS",2.2209,NA,NA,NA
"804",1976,"INDIANA",2.2882,NA,NA,NA
"805",1976,"IOWA",2.0863,NA,NA,NA
"806",1976,"KENTUCKY",1.8171,NA,NA,NA
"807",1976,"MARYLAND",1.6825,NA,NA,NA
"808",1976,"MINNESOTA",1.4806,NA,NA,NA
"809",1976,"MISSOURI",1.346,NA,NA,NA
"810",1976,"NEW JERSEY",1.6152,NA,NA,NA
"811",1976,"NEW YORK",1.7498,NA,NA,NA
"812",1976,"NORTH CAROLINA",1.4806,NA,NA,NA
"813",1976,"NORTH DAKOTA",0.84125,NA,NA,NA
"814",1976,"OHIO",2.2209,NA,NA,NA
"815",1976,"PENNSYLVANIA",1.9517,NA,NA,NA
"816",1976,"SOUTH CAROLINA",1.2114,NA,NA,NA
"817",1976,"TENNESSEE",1.51425,NA,NA,NA
"818",1976,"VIRGINIA",1.37965,NA,NA,NA
"819",1976,"WISCONSIN",1.4806,NA,NA,NA
"820",1975,"ALABAMA",1.64885,NA,NA,NA
"821",1975,"DELAWARE",1.6825,NA,NA,NA
"822",1975,"ILLINOIS",2.4228,NA,NA,NA
"823",1975,"INDIANA",2.25455,NA,NA,NA
"824",1975,"IOWA",2.2882,NA,NA,NA
"825",1975,"KENTUCKY",1.8171,NA,NA,NA
"826",1975,"MARYLAND",1.8844,NA,NA,NA
"827",1975,"MINNESOTA",1.8171,NA,NA,NA
"828",1975,"MISSOURI",1.7498,NA,NA,NA
"829",1975,"NEW JERSEY",1.7498,NA,NA,NA
"830",1975,"NEW YORK",1.8171,NA,NA,NA
"831",1975,"NORTH CAROLINA",1.58155,NA,NA,NA
"832",1975,"NORTH DAKOTA",1.31235,NA,NA,NA
"833",1975,"OHIO",2.2209,NA,NA,NA
"834",1975,"PENNSYLVANIA",1.8844,NA,NA,NA
"835",1975,"SOUTH CAROLINA",1.4806,NA,NA,NA
"836",1975,"TENNESSEE",1.6825,NA,NA,NA
"837",1975,"VIRGINIA",1.6825,NA,NA,NA
"838",1975,"WISCONSIN",1.71615,NA,NA,NA
"839",1974,"ALABAMA",1.5479,NA,NA,NA
"840",1974,"DELAWARE",1.7498,NA,NA,NA
"841",1974,"ILLINOIS",1.64885,NA,NA,NA
"842",1974,"INDIANA",1.6825,NA,NA,NA
"843",1974,"IOWA",1.8844,NA,NA,NA
"844",1974,"KENTUCKY",1.64885,NA,NA,NA
"845",1974,"MARYLAND",1.8844,NA,NA,NA
"846",1974,"MINNESOTA",1.4806,NA,NA,NA
"847",1974,"MISSOURI",1.44695,NA,NA,NA
"848",1974,"NEW JERSEY",1.9517,NA,NA,NA
"849",1974,"NEW YORK",1.7498,NA,NA,NA
"850",1974,"NORTH CAROLINA",1.4806,NA,NA,NA
"851",1974,"NORTH DAKOTA",1.11045,NA,NA,NA
"852",1974,"OHIO",1.7498,NA,NA,NA
"853",1974,"PENNSYLVANIA",1.8171,NA,NA,NA
"854",1974,"SOUTH CAROLINA",1.346,NA,NA,NA
"855",1974,"TENNESSEE",1.4133,NA,NA,NA
"856",1974,"VIRGINIA",1.6152,NA,NA,NA
"857",1974,"WISCONSIN",1.346,NA,NA,NA
"858",1973,"ALABAMA",1.4133,NA,NA,NA
"859",1973,"DELAWARE",1.8844,NA,NA,NA
"860",1973,"ILLINOIS",2.11995,NA,NA,NA
"861",1973,"INDIANA",2.11995,NA,NA,NA
"862",1973,"IOWA",2.2882,NA,NA,NA
"863",1973,"KENTUCKY",1.7498,NA,NA,NA
"864",1973,"MARYLAND",2.0863,NA,NA,NA
"865",1973,"MINNESOTA",1.9517,NA,NA,NA
"866",1973,"MISSOURI",1.8171,NA,NA,NA
"867",1973,"NEW JERSEY",1.4133,NA,NA,NA
"868",1973,"NEW YORK",1.7498,NA,NA,NA
"869",1973,"NORTH CAROLINA",1.6152,NA,NA,NA
"870",1973,"NORTH DAKOTA",1.58155,NA,NA,NA
"871",1973,"OHIO",1.71615,NA,NA,NA
"872",1973,"PENNSYLVANIA",1.7498,NA,NA,NA
"873",1973,"SOUTH CAROLINA",1.2787,NA,NA,NA
"874",1973,"TENNESSEE",1.58155,NA,NA,NA
"875",1973,"VIRGINIA",1.8171,NA,NA,NA
"876",1973,"WISCONSIN",1.6825,NA,NA,NA
"877",1972,"ALABAMA",1.346,NA,NA,NA
"878",1972,"DELAWARE",1.6825,NA,NA,NA
"879",1972,"ILLINOIS",2.32185,NA,NA,NA
"880",1972,"INDIANA",1.98535,NA,NA,NA
"881",1972,"IOWA",2.4228,NA,NA,NA
"882",1972,"KENTUCKY",1.8171,NA,NA,NA
"883",1972,"MARYLAND",1.8171,NA,NA,NA
"884",1972,"MINNESOTA",1.8844,NA,NA,NA
"885",1972,"MISSOURI",1.85075,NA,NA,NA
"886",1972,"NEW JERSEY",1.1441,NA,NA,NA
"887",1972,"NEW YORK",1.4133,NA,NA,NA
"888",1972,"NORTH CAROLINA",1.6825,NA,NA,NA
"889",1972,"NORTH DAKOTA",1.37965,NA,NA,NA
"890",1972,"OHIO",1.78345,NA,NA,NA
"891",1972,"PENNSYLVANIA",1.6825,NA,NA,NA
"892",1972,"SOUTH CAROLINA",1.24505,NA,NA,NA
"893",1972,"TENNESSEE",1.4806,NA,NA,NA
"894",1972,"VIRGINIA",1.5479,NA,NA,NA
"895",1972,"WISCONSIN",1.8844,NA,NA,NA
"896",1971,"ALABAMA",1.7498,NA,NA,NA
"897",1971,"DELAWARE",1.8844,NA,NA,NA
"898",1971,"ILLINOIS",2.2209,NA,NA,NA
"899",1971,"INDIANA",2.2209,NA,NA,NA
"900",1971,"IOWA",2.18725,NA,NA,NA
"901",1971,"KENTUCKY",1.98535,NA,NA,NA
"902",1971,"MARYLAND",2.019,NA,NA,NA
"903",1971,"MINNESOTA",1.5479,NA,NA,NA
"904",1971,"MISSOURI",1.8171,NA,NA,NA
"905",1971,"NEW JERSEY",1.8844,NA,NA,NA
"906",1971,"NEW YORK",1.4806,NA,NA,NA
"907",1971,"NORTH CAROLINA",1.6152,NA,NA,NA
"908",1971,"NORTH DAKOTA",0.9422,NA,NA,NA
"909",1971,"OHIO",2.05265,NA,NA,NA
"910",1971,"PENNSYLVANIA",1.9517,NA,NA,NA
"911",1971,"SOUTH CAROLINA",1.44695,NA,NA,NA
"912",1971,"TENNESSEE",1.7498,NA,NA,NA
"913",1971,"VIRGINIA",1.6152,NA,NA,NA
"914",1971,"WISCONSIN",1.58155,NA,NA,NA
"915",1970,"ALABAMA",1.5479,NA,NA,NA
"916",1970,"DELAWARE",1.4133,NA,NA,NA
"917",1970,"ILLINOIS",2.0863,NA,NA,NA
"918",1970,"INDIANA",2.0863,NA,NA,NA
"919",1970,"IOWA",2.18725,NA,NA,NA
"920",1970,"KENTUCKY",1.8171,NA,NA,NA
"921",1970,"MARYLAND",1.6152,NA,NA,NA
"922",1970,"MINNESOTA",1.7498,NA,NA,NA
"923",1970,"MISSOURI",1.71615,NA,NA,NA
"924",1970,"NEW JERSEY",1.6825,NA,NA,NA
"925",1970,"NEW YORK",1.346,NA,NA,NA
"926",1970,"NORTH CAROLINA",1.6152,NA,NA,NA
"927",1970,"NORTH DAKOTA",1.0095,NA,NA,NA
"928",1970,"OHIO",1.91805,NA,NA,NA
"929",1970,"PENNSYLVANIA",2.1536,NA,NA,NA
"930",1970,"SOUTH CAROLINA",1.346,NA,NA,NA
"931",1970,"TENNESSEE",1.5479,NA,NA,NA
"932",1970,"VIRGINIA",1.346,NA,NA,NA
"933",1970,"WISCONSIN",1.6152,NA,NA,NA
"934",1969,"ALABAMA",1.51425,NA,NA,NA
"935",1969,"DELAWARE",1.9517,NA,NA,NA
"936",1969,"ILLINOIS",2.2882,NA,NA,NA
"937",1969,"INDIANA",2.1536,NA,NA,NA
"938",1969,"IOWA",2.18725,NA,NA,NA
"939",1969,"KENTUCKY",1.8844,NA,NA,NA
"940",1969,"MARYLAND",2.0863,NA,NA,NA
"941",1969,"MINNESOTA",1.6825,NA,NA,NA
"942",1969,"MISSOURI",1.71615,NA,NA,NA
"943",1969,"NEW JERSEY",1.91805,NA,NA,NA
"944",1969,"NEW YORK",1.64885,NA,NA,NA
"945",1969,"NORTH CAROLINA",1.7498,NA,NA,NA
"946",1969,"NORTH DAKOTA",1.1441,NA,NA,NA
"947",1969,"OHIO",1.98535,NA,NA,NA
"948",1969,"PENNSYLVANIA",2.019,NA,NA,NA
"949",1969,"SOUTH CAROLINA",1.51425,NA,NA,NA
"950",1969,"TENNESSEE",1.6152,NA,NA,NA
"951",1969,"VIRGINIA",1.7498,NA,NA,NA
"952",1969,"WISCONSIN",1.44695,NA,NA,NA
"953",1968,"ALABAMA",1.4806,NA,NA,NA
"954",1968,"DELAWARE",1.2787,NA,NA,NA
"955",1968,"ILLINOIS",2.11995,NA,NA,NA
"956",1968,"INDIANA",2.1536,NA,NA,NA
"957",1968,"IOWA",2.1536,NA,NA,NA
"958",1968,"KENTUCKY",1.78345,NA,NA,NA
"959",1968,"MARYLAND",1.6825,NA,NA,NA
"960",1968,"MINNESOTA",1.4806,NA,NA,NA
"961",1968,"MISSOURI",1.8844,NA,NA,NA
"962",1968,"NEW JERSEY",1.6152,NA,NA,NA
"963",1968,"NEW YORK",1.4806,NA,NA,NA
"964",1968,"NORTH CAROLINA",1.17775,NA,NA,NA
"965",1968,"NORTH DAKOTA",1.04315,NA,NA,NA
"966",1968,"OHIO",2.05265,NA,NA,NA
"967",1968,"PENNSYLVANIA",1.6152,NA,NA,NA
"968",1968,"SOUTH CAROLINA",0.8749,NA,NA,NA
"969",1968,"TENNESSEE",1.4133,NA,NA,NA
"970",1968,"VIRGINIA",1.2787,NA,NA,NA
"971",1968,"WISCONSIN",1.6152,NA,NA,NA
"972",1967,"ALABAMA",1.78345,NA,NA,NA
"973",1967,"DELAWARE",1.7498,NA,NA,NA
"974",1967,"ILLINOIS",2.0863,NA,NA,NA
"975",1967,"INDIANA",1.64885,NA,NA,NA
"976",1967,"IOWA",1.85075,NA,NA,NA
"977",1967,"KENTUCKY",1.8844,NA,NA,NA
"978",1967,"MARYLAND",1.91805,NA,NA,NA
"979",1967,"MINNESOTA",1.31235,NA,NA,NA
"980",1967,"MISSOURI",1.4806,NA,NA,NA
"981",1967,"NEW JERSEY",1.7498,NA,NA,NA
"982",1967,"NEW YORK",1.5479,NA,NA,NA
"983",1967,"NORTH CAROLINA",1.64885,NA,NA,NA
"984",1967,"NORTH DAKOTA",0.8749,NA,NA,NA
"985",1967,"OHIO",1.51425,NA,NA,NA
"986",1967,"PENNSYLVANIA",1.8171,NA,NA,NA
"987",1967,"SOUTH CAROLINA",1.51425,NA,NA,NA
"988",1967,"TENNESSEE",1.6825,NA,NA,NA
"989",1967,"VIRGINIA",1.44695,NA,NA,NA
"990",1967,"WISCONSIN",1.2787,NA,NA,NA
"991",1966,"ALABAMA",1.64885,NA,NA,NA
"992",1966,"DELAWARE",0.8076,NA,NA,NA
"993",1966,"ILLINOIS",1.8171,NA,NA,NA
"994",1966,"INDIANA",1.7498,NA,NA,NA
"995",1966,"IOWA",1.98535,NA,NA,NA
"996",1966,"KENTUCKY",1.6825,NA,NA,NA
"997",1966,"MARYLAND",0.9422,NA,NA,NA
"998",1966,"MINNESOTA",1.6152,NA,NA,NA
"999",1966,"MISSOURI",1.6825,NA,NA,NA
"1000",1966,"NEW JERSEY",1.17775,NA,NA,NA
"1001",1966,"NEW YORK",1.346,NA,NA,NA
"1002",1966,"NORTH CAROLINA",1.6825,NA,NA,NA
"1003",1966,"NORTH DAKOTA",1.51425,NA,NA,NA
"1004",1966,"OHIO",1.91805,NA,NA,NA
"1005",1966,"PENNSYLVANIA",1.2787,NA,NA,NA
"1006",1966,"SOUTH CAROLINA",1.4806,NA,NA,NA
"1007",1966,"TENNESSEE",1.64885,NA,NA,NA
"1008",1966,"VIRGINIA",1.24505,NA,NA,NA
"1009",1966,"WISCONSIN",1.346,NA,NA,NA
"1010",1965,"ALABAMA",1.4806,NA,NA,NA
"1011",1965,"DELAWARE",1.6825,NA,NA,NA
"1012",1965,"ILLINOIS",1.98535,NA,NA,NA
"1013",1965,"INDIANA",1.8844,NA,NA,NA
"1014",1965,"IOWA",1.7498,NA,NA,NA
"1015",1965,"KENTUCKY",1.6152,NA,NA,NA
"1016",1965,"MARYLAND",1.8171,NA,NA,NA
"1017",1965,"MINNESOTA",1.24505,NA,NA,NA
"1018",1965,"MISSOURI",1.7498,NA,NA,NA
"1019",1965,"NEW JERSEY",1.58155,NA,NA,NA
"1020",1965,"NEW YORK",1.0095,NA,NA,NA
"1021",1965,"NORTH CAROLINA",1.6825,NA,NA,NA
"1022",1965,"NORTH DAKOTA",1.2787,NA,NA,NA
"1023",1965,"OHIO",1.64885,NA,NA,NA
"1024",1965,"PENNSYLVANIA",1.6152,NA,NA,NA
"1025",1965,"SOUTH CAROLINA",1.4133,NA,NA,NA
"1026",1965,"TENNESSEE",1.58155,NA,NA,NA
"1027",1965,"VIRGINIA",1.37965,NA,NA,NA
"1028",1965,"WISCONSIN",1.2787,NA,NA,NA
"1029",1964,"ALABAMA",1.4806,NA,NA,NA
"1030",1964,"DELAWARE",0.8076,NA,NA,NA
"1031",1964,"ILLINOIS",1.6825,NA,NA,NA
"1032",1964,"INDIANA",1.64885,NA,NA,NA
"1033",1964,"IOWA",1.91805,NA,NA,NA
"1034",1964,"KENTUCKY",1.51425,NA,NA,NA
"1035",1964,"MARYLAND",1.0095,NA,NA,NA
"1036",1964,"MINNESOTA",1.346,NA,NA,NA
"1037",1964,"MISSOURI",1.4133,NA,NA,NA
"1038",1964,"NEW JERSEY",0.9422,NA,NA,NA
"1039",1964,"NEW YORK",1.0095,NA,NA,NA
"1040",1964,"NORTH CAROLINA",1.58155,NA,NA,NA
"1041",1964,"NORTH DAKOTA",0.97585,NA,NA,NA
"1042",1964,"OHIO",1.51425,NA,NA,NA
"1043",1964,"PENNSYLVANIA",1.1441,NA,NA,NA
"1044",1964,"SOUTH CAROLINA",1.44695,NA,NA,NA
"1045",1964,"TENNESSEE",1.5479,NA,NA,NA
"1046",1964,"VIRGINIA",1.346,NA,NA,NA
"1047",1964,"WISCONSIN",1.11045,NA,NA,NA
"1048",1963,"ALABAMA",1.346,NA,NA,NA
"1049",1963,"DELAWARE",1.2114,NA,NA,NA
"1050",1963,"ILLINOIS",1.98535,NA,NA,NA
"1051",1963,"INDIANA",1.85075,NA,NA,NA
"1052",1963,"IOWA",2.05265,NA,NA,NA
"1053",1963,"KENTUCKY",1.64885,NA,NA,NA
"1054",1963,"MARYLAND",1.24505,NA,NA,NA
"1055",1963,"MINNESOTA",1.64885,NA,NA,NA
"1056",1963,"MISSOURI",1.6152,NA,NA,NA
"1057",1963,"NEW JERSEY",1.17775,NA,NA,NA
"1058",1963,"NEW YORK",1.0768,NA,NA,NA
"1059",1963,"NORTH CAROLINA",1.58155,NA,NA,NA
"1060",1963,"NORTH DAKOTA",1.2787,NA,NA,NA
"1061",1963,"OHIO",1.58155,NA,NA,NA
"1062",1963,"PENNSYLVANIA",1.2114,NA,NA,NA
"1063",1963,"SOUTH CAROLINA",1.1441,NA,NA,NA
"1064",1963,"TENNESSEE",1.4133,NA,NA,NA
"1065",1963,"VIRGINIA",0.9422,NA,NA,NA
"1066",1963,"WISCONSIN",1.2114,NA,NA,NA
"1067",1962,"ALABAMA",1.37965,NA,NA,NA
"1068",1962,"DELAWARE",1.2787,NA,NA,NA
"1069",1962,"ILLINOIS",1.91805,NA,NA,NA
"1070",1962,"INDIANA",1.8844,NA,NA,NA
"1071",1962,"IOWA",1.85075,NA,NA,NA
"1072",1962,"KENTUCKY",1.6152,NA,NA,NA
"1073",1962,"MARYLAND",1.37965,NA,NA,NA
"1074",1962,"MINNESOTA",1.31235,NA,NA,NA
"1075",1962,"MISSOURI",1.51425,NA,NA,NA
"1076",1962,"NEW JERSEY",1.64885,NA,NA,NA
"1077",1962,"NEW YORK",1.2114,NA,NA,NA
"1078",1962,"NORTH CAROLINA",1.6152,NA,NA,NA
"1079",1962,"NORTH DAKOTA",0.90855,NA,NA,NA
"1080",1962,"OHIO",1.6825,NA,NA,NA
"1081",1962,"PENNSYLVANIA",1.4133,NA,NA,NA
"1082",1962,"SOUTH CAROLINA",1.24505,NA,NA,NA
"1083",1962,"TENNESSEE",1.51425,NA,NA,NA
"1084",1962,"VIRGINIA",1.37965,NA,NA,NA
"1085",1962,"WISCONSIN",1.2114,NA,NA,NA
"1086",1961,"ALABAMA",1.5479,NA,NA,NA
"1087",1961,"DELAWARE",1.6152,NA,NA,NA
"1088",1961,"ILLINOIS",1.91805,NA,NA,NA
"1089",1961,"INDIANA",1.8844,NA,NA,NA
"1090",1961,"IOWA",1.91805,NA,NA,NA
"1091",1961,"KENTUCKY",1.6825,NA,NA,NA
"1092",1961,"MARYLAND",1.6152,NA,NA,NA
"1093",1961,"MINNESOTA",1.5479,NA,NA,NA
"1094",1961,"MISSOURI",1.6152,NA,NA,NA
"1095",1961,"NEW JERSEY",1.6152,NA,NA,NA
"1096",1961,"NEW YORK",1.4133,NA,NA,NA
"1097",1961,"NORTH CAROLINA",1.5479,NA,NA,NA
"1098",1961,"NORTH DAKOTA",0.9422,NA,NA,NA
"1099",1961,"OHIO",1.8844,NA,NA,NA
"1100",1961,"PENNSYLVANIA",1.5479,NA,NA,NA
"1101",1961,"SOUTH CAROLINA",1.31235,NA,NA,NA
"1102",1961,"TENNESSEE",1.4806,NA,NA,NA
"1103",1961,"VIRGINIA",1.37965,NA,NA,NA
"1104",1961,"WISCONSIN",1.24505,NA,NA,NA
"1105",1960,"ALABAMA",1.6152,NA,NA,NA
"1106",1960,"DELAWARE",1.6152,NA,NA,NA
"1107",1960,"ILLINOIS",1.7498,NA,NA,NA
"1108",1960,"INDIANA",1.8171,NA,NA,NA
"1109",1960,"IOWA",1.71615,NA,NA,NA
"1110",1960,"KENTUCKY",1.4806,NA,NA,NA
"1111",1960,"MARYLAND",1.7498,NA,NA,NA
"1112",1960,"MINNESOTA",1.31235,NA,NA,NA
"1113",1960,"MISSOURI",1.44695,NA,NA,NA
"1114",1960,"NEW JERSEY",1.64885,NA,NA,NA
"1115",1960,"NEW YORK",1.1441,NA,NA,NA
"1116",1960,"NORTH CAROLINA",1.51425,NA,NA,NA
"1117",1960,"NORTH DAKOTA",0.8749,NA,NA,NA
"1118",1960,"OHIO",1.64885,NA,NA,NA
"1119",1960,"PENNSYLVANIA",1.5479,NA,NA,NA
"1120",1960,"SOUTH CAROLINA",1.2787,NA,NA,NA
"1121",1960,"TENNESSEE",1.51425,NA,NA,NA
"1122",1960,"VIRGINIA",1.51425,NA,NA,NA
"1123",1960,"WISCONSIN",1.1441,NA,NA,NA
"1124",1959,"ALABAMA",1.4806,NA,NA,NA
"1125",1959,"DELAWARE",1.5479,NA,NA,NA
"1126",1959,"ILLINOIS",1.7498,NA,NA,NA
"1127",1959,"INDIANA",1.7498,NA,NA,NA
"1128",1959,"IOWA",1.78345,NA,NA,NA
"1129",1959,"KENTUCKY",1.51425,NA,NA,NA
"1130",1959,"MARYLAND",1.64885,NA,NA,NA
"1131",1959,"MINNESOTA",1.2787,NA,NA,NA
"1132",1959,"MISSOURI",1.4806,NA,NA,NA
"1133",1959,"NEW JERSEY",1.6825,NA,NA,NA
"1134",1959,"NEW YORK",1.2114,NA,NA,NA
"1135",1959,"NORTH CAROLINA",1.44695,NA,NA,NA
"1136",1959,"NORTH DAKOTA",0.8076,NA,NA,NA
"1137",1959,"OHIO",1.6825,NA,NA,NA
"1138",1959,"PENNSYLVANIA",1.58155,NA,NA,NA
"1139",1959,"SOUTH CAROLINA",1.17775,NA,NA,NA
"1140",1959,"TENNESSEE",1.5479,NA,NA,NA
"1141",1959,"VIRGINIA",1.37965,NA,NA,NA
"1142",1959,"WISCONSIN",1.31235,NA,NA,NA
"1143",1958,"ALABAMA",1.4806,NA,NA,NA
"1144",1958,"DELAWARE",1.5479,NA,NA,NA
"1145",1958,"ILLINOIS",1.8844,NA,NA,NA
"1146",1958,"INDIANA",1.8171,NA,NA,NA
"1147",1958,"IOWA",1.71615,NA,NA,NA
"1148",1958,"KENTUCKY",1.58155,NA,NA,NA
"1149",1958,"MARYLAND",1.6825,NA,NA,NA
"1150",1958,"MINNESOTA",1.17775,NA,NA,NA
"1151",1958,"MISSOURI",1.7498,NA,NA,NA
"1152",1958,"NEW JERSEY",1.6825,NA,NA,NA
"1153",1958,"NEW YORK",1.2114,NA,NA,NA
"1154",1958,"NORTH CAROLINA",1.5479,NA,NA,NA
"1155",1958,"NORTH DAKOTA",0.9422,NA,NA,NA
"1156",1958,"OHIO",1.7498,NA,NA,NA
"1157",1958,"PENNSYLVANIA",1.4806,NA,NA,NA
"1158",1958,"SOUTH CAROLINA",1.11045,NA,NA,NA
"1159",1958,"TENNESSEE",1.58155,NA,NA,NA
"1160",1958,"VIRGINIA",1.51425,NA,NA,NA
"1161",1958,"WISCONSIN",0.97585,NA,NA,NA
"1162",1957,"ALABAMA",1.346,NA,NA,NA
"1163",1957,"DELAWARE",1.17775,NA,NA,NA
"1164",1957,"ILLINOIS",1.71615,NA,NA,NA
"1165",1957,"INDIANA",1.64885,NA,NA,NA
"1166",1957,"IOWA",1.8171,NA,NA,NA
"1167",1957,"KENTUCKY",1.346,NA,NA,NA
"1168",1957,"MARYLAND",1.346,NA,NA,NA
"1169",1957,"MINNESOTA",1.44695,NA,NA,NA
"1170",1957,"MISSOURI",1.44695,NA,NA,NA
"1171",1957,"NEW JERSEY",0.9422,NA,NA,NA
"1172",1957,"NEW YORK",1.2114,NA,NA,NA
"1173",1957,"NORTH CAROLINA",1.346,NA,NA,NA
"1174",1957,"NORTH DAKOTA",1.2114,NA,NA,NA
"1175",1957,"OHIO",1.5479,NA,NA,NA
"1176",1957,"PENNSYLVANIA",0.8749,NA,NA,NA
"1177",1957,"SOUTH CAROLINA",1.17775,NA,NA,NA
"1178",1957,"TENNESSEE",1.51425,NA,NA,NA
"1179",1957,"VIRGINIA",1.2114,NA,NA,NA
"1180",1957,"WISCONSIN",1.1441,NA,NA,NA
"1181",1956,"ALABAMA",1.37965,NA,NA,NA
"1182",1956,"DELAWARE",1.6152,NA,NA,NA
"1183",1956,"ILLINOIS",1.91805,NA,NA,NA
"1184",1956,"INDIANA",1.6152,NA,NA,NA
"1185",1956,"IOWA",1.346,NA,NA,NA
"1186",1956,"KENTUCKY",1.4806,NA,NA,NA
"1187",1956,"MARYLAND",1.6825,NA,NA,NA
"1188",1956,"MINNESOTA",1.346,NA,NA,NA
"1189",1956,"MISSOURI",1.346,NA,NA,NA
"1190",1956,"NEW JERSEY",1.6152,NA,NA,NA
"1191",1956,"NEW YORK",0.9422,NA,NA,NA
"1192",1956,"NORTH CAROLINA",1.44695,NA,NA,NA
"1193",1956,"NORTH DAKOTA",0.8749,NA,NA,NA
"1194",1956,"OHIO",1.6152,NA,NA,NA
"1195",1956,"PENNSYLVANIA",1.24505,NA,NA,NA
"1196",1956,"SOUTH CAROLINA",0.7403,NA,NA,NA
"1197",1956,"TENNESSEE",1.11045,NA,NA,NA
"1198",1956,"VIRGINIA",1.44695,NA,NA,NA
"1199",1956,"WISCONSIN",1.04315,NA,NA,NA
"1200",1955,"ALABAMA",1.4806,NA,NA,NA
"1201",1955,"DELAWARE",1.346,NA,NA,NA
"1202",1955,"ILLINOIS",1.5479,NA,NA,NA
"1203",1955,"INDIANA",1.44695,NA,NA,NA
"1204",1955,"IOWA",1.346,NA,NA,NA
"1205",1955,"KENTUCKY",1.2114,NA,NA,NA
"1206",1955,"MARYLAND",1.4133,NA,NA,NA
"1207",1955,"MINNESOTA",1.31235,NA,NA,NA
"1208",1955,"MISSOURI",1.17775,NA,NA,NA
"1209",1955,"NEW JERSEY",1.2787,NA,NA,NA
"1210",1955,"NEW YORK",1.0768,NA,NA,NA
"1211",1955,"NORTH CAROLINA",1.04315,NA,NA,NA
"1212",1955,"NORTH DAKOTA",1.04315,NA,NA,NA
"1213",1955,"OHIO",1.64885,NA,NA,NA
"1214",1955,"PENNSYLVANIA",1.346,NA,NA,NA
"1215",1955,"SOUTH CAROLINA",1.0095,NA,NA,NA
"1216",1955,"TENNESSEE",1.2114,NA,NA,NA
"1217",1955,"VIRGINIA",1.346,NA,NA,NA
"1218",1955,"WISCONSIN",0.84125,NA,NA,NA
"1219",1954,"ALABAMA",0.8076,NA,NA,NA
"1220",1954,"DELAWARE",1.24505,NA,NA,NA
"1221",1954,"ILLINOIS",1.44695,NA,NA,NA
"1222",1954,"INDIANA",1.6152,NA,NA,NA
"1223",1954,"IOWA",1.78345,NA,NA,NA
"1224",1954,"KENTUCKY",1.11045,NA,NA,NA
"1225",1954,"MARYLAND",1.24505,NA,NA,NA
"1226",1954,"MINNESOTA",1.44695,NA,NA,NA
"1227",1954,"MISSOURI",0.97585,NA,NA,NA
"1228",1954,"NEW JERSEY",1.4133,NA,NA,NA
"1229",1954,"NEW YORK",0.7403,NA,NA,NA
"1230",1954,"NORTH CAROLINA",1.1441,NA,NA,NA
"1231",1954,"NORTH DAKOTA",1.0095,NA,NA,NA
"1232",1954,"OHIO",1.6825,NA,NA,NA
"1233",1954,"PENNSYLVANIA",1.0768,NA,NA,NA
"1234",1954,"SOUTH CAROLINA",0.43745,NA,NA,NA
"1235",1954,"TENNESSEE",0.90855,NA,NA,NA
"1236",1954,"VIRGINIA",0.9422,NA,NA,NA
"1237",1954,"WISCONSIN",1.0095,NA,NA,NA
"1238",1953,"ALABAMA",1.37965,NA,NA,NA
"1239",1953,"DELAWARE",1.1441,NA,NA,NA
"1240",1953,"ILLINOIS",1.37965,NA,NA,NA
"1241",1953,"INDIANA",1.4133,NA,NA,NA
"1242",1953,"IOWA",1.44695,NA,NA,NA
"1243",1953,"KENTUCKY",0.90855,NA,NA,NA
"1244",1953,"MARYLAND",1.2787,NA,NA,NA
"1245",1953,"MINNESOTA",1.37965,NA,NA,NA
"1246",1953,"MISSOURI",0.90855,NA,NA,NA
"1247",1953,"NEW JERSEY",1.2114,NA,NA,NA
"1248",1953,"NEW YORK",1.0768,NA,NA,NA
"1249",1953,"NORTH CAROLINA",1.0768,NA,NA,NA
"1250",1953,"NORTH DAKOTA",0.9422,NA,NA,NA
"1251",1953,"OHIO",1.37965,NA,NA,NA
"1252",1953,"PENNSYLVANIA",1.1441,NA,NA,NA
"1253",1953,"SOUTH CAROLINA",0.7403,NA,NA,NA
"1254",1953,"TENNESSEE",0.97585,NA,NA,NA
"1255",1953,"VIRGINIA",1.0095,NA,NA,NA
"1256",1953,"WISCONSIN",0.97585,NA,NA,NA
"1257",1952,"ALABAMA",1.2787,NA,NA,NA
"1258",1952,"DELAWARE",1.1441,NA,NA,NA
"1259",1952,"ILLINOIS",1.6152,NA,NA,NA
"1260",1952,"INDIANA",1.58155,NA,NA,NA
"1261",1952,"IOWA",1.71615,NA,NA,NA
"1262",1952,"KENTUCKY",1.04315,NA,NA,NA
"1263",1952,"MARYLAND",1.2114,NA,NA,NA
"1264",1952,"MINNESOTA",1.2787,NA,NA,NA
"1265",1952,"MISSOURI",1.24505,NA,NA,NA
"1266",1952,"NEW JERSEY",1.37965,NA,NA,NA
"1267",1952,"NEW YORK",1.17775,NA,NA,NA
"1268",1952,"NORTH CAROLINA",1.1441,NA,NA,NA
"1269",1952,"NORTH DAKOTA",0.84125,NA,NA,NA
"1270",1952,"OHIO",1.4806,NA,NA,NA
"1271",1952,"PENNSYLVANIA",1.2787,NA,NA,NA
"1272",1952,"SOUTH CAROLINA",0.77395,NA,NA,NA
"1273",1952,"TENNESSEE",1.346,NA,NA,NA
"1274",1952,"VIRGINIA",1.1441,NA,NA,NA
"1275",1952,"WISCONSIN",1.0768,NA,NA,NA
"1276",1951,"ALABAMA",1.2114,NA,NA,NA
"1277",1951,"DELAWARE",0.97585,NA,NA,NA
"1278",1951,"ILLINOIS",1.71615,NA,NA,NA
"1279",1951,"INDIANA",1.51425,NA,NA,NA
"1280",1951,"IOWA",1.37965,NA,NA,NA
"1281",1951,"KENTUCKY",1.2787,NA,NA,NA
"1282",1951,"MARYLAND",1.0768,NA,NA,NA
"1283",1951,"MINNESOTA",1.17775,NA,NA,NA
"1284",1951,"MISSOURI",1.346,NA,NA,NA
"1285",1951,"NEW JERSEY",1.11045,NA,NA,NA
"1286",1951,"NEW YORK",1.2114,NA,NA,NA
"1287",1951,"NORTH CAROLINA",1.1441,NA,NA,NA
"1288",1951,"NORTH DAKOTA",0.8749,NA,NA,NA
"1289",1951,"OHIO",1.2787,NA,NA,NA
"1290",1951,"PENNSYLVANIA",1.1441,NA,NA,NA
"1291",1951,"SOUTH CAROLINA",0.84125,NA,NA,NA
"1292",1951,"TENNESSEE",1.17775,NA,NA,NA
"1293",1951,"VIRGINIA",1.2114,NA,NA,NA
"1294",1951,"WISCONSIN",0.97585,NA,NA,NA
"1295",1950,"ALABAMA",1.2787,NA,NA,NA
"1296",1950,"DELAWARE",0.9422,NA,NA,NA
"1297",1950,"ILLINOIS",1.6152,NA,NA,NA
"1298",1950,"INDIANA",1.51425,NA,NA,NA
"1299",1950,"IOWA",1.4806,NA,NA,NA
"1300",1950,"KENTUCKY",1.17775,NA,NA,NA
"1301",1950,"MARYLAND",1.1441,NA,NA,NA
"1302",1950,"MINNESOTA",1.04315,NA,NA,NA
"1303",1950,"MISSOURI",1.5479,NA,NA,NA
"1304",1950,"NEW JERSEY",1.37965,NA,NA,NA
"1305",1950,"NEW YORK",1.2114,NA,NA,NA
"1306",1950,"NORTH CAROLINA",1.0768,NA,NA,NA
"1307",1950,"NORTH DAKOTA",0.70665,NA,NA,NA
"1308",1950,"OHIO",1.51425,NA,NA,NA
"1309",1950,"PENNSYLVANIA",1.17775,NA,NA,NA
"1310",1950,"SOUTH CAROLINA",0.8076,NA,NA,NA
"1311",1950,"TENNESSEE",1.4133,NA,NA,NA
"1312",1950,"VIRGINIA",1.2787,NA,NA,NA
"1313",1950,"WISCONSIN",1.0095,NA,NA,NA
